Pages les plus populaires,Clics,Impressions,CTR,Position
https://kpopquiz.org/,722,5863,12.31%,6.34
https://kpopquiz.org/cortis-quiz,608,8930,6.81%,7.12
https://kpopquiz.org/illit-quiz,401,5563,7.21%,6.05
https://kpopquiz.org/seventeen-quiz,252,3279,7.69%,8.37
https://kpopquiz.org/blindtest,168,1021,16.45%,5.63
https://kpopquiz.org/aespa-quiz,91,1617,5.63%,7.54
https://kpopquiz.org/q/babymonster-quiz,82,1885,4.35%,7.54
https://kpopquiz.org/stray-kids-quiz,72,1651,4.36%,8.44
https://kpopquiz.org/quizzes,71,1802,3.94%,18.43
https://kpopquiz.org/cortis-trivia,59,920,6.41%,6.76
https://kpopquiz.org/articles/guess-the-kpop-idol-guide,50,561,8.91%,6.55
https://kpopquiz.org/q/are-you-a-real-coer,29,189,15.34%,4.85
https://kpopquiz.org/bts-quiz,27,391,6.91%,8.37
https://kpopquiz.org/articles/hardest-kpop-quizzes,27,390,6.92%,6.76
https://kpopquiz.org/babymonster-quiz,27,350,7.71%,7.18
https://kpopquiz.org/q/illit-quiz,25,821,3.05%,6.92
https://kpopquiz.org/q/bts-arirang-comeback-quiz,25,257,9.73%,8.26
https://kpopquiz.org/twice-quiz,21,594,3.54%,8.7
https://kpopquiz.org/blackpink-quiz,18,635,2.83%,9.01
https://kpopquiz.org/games,17,422,4.03%,5.79
https://kpopquiz.org/newjeans-quiz,17,284,5.99%,7.92
https://kpopquiz.org/pt,14,164,8.54%,10.14
https://kpopquiz.org/q/cortis-quiz,13,264,4.92%,6.5
https://kpopquiz.org/red-velvet-quiz,11,243,4.53%,7.81
https://kpopquiz.org/blindtest/group-newjeans,11,29,37.93%,7.1
https://kpopquiz.org/enhypen-quiz,10,232,4.31%,8.23
https://kpopquiz.org/general-kpop-quiz,10,153,6.54%,9.35
https://kpopquiz.org/trivia,9,293,3.07%,13.32
https://kpopquiz.org/articles/best-kpop-quizzes-for-beginners,9,97,9.28%,5.48
https://kpopquiz.org/q/illit-guess-the-idol,8,304,2.63%,7.42
https://kpopquiz.org/which-aespa-member-are-you?daily=game,8,129,6.2%,8.94
https://kpopquiz.org/ive-quiz,7,134,5.22%,6.8
https://kpopquiz.org/games/this-or-that,7,87,8.05%,4.8
https://kpopquiz.org/q/the-coer-quiz,7,75,9.33%,5.44
https://kpopquiz.org/easy-kpop-quizzes,6,16,37.5%,5.44
https://kpopquiz.org/articles/best-kpop-quiz-sites-2026,5,154,3.25%,10.27
https://kpopquiz.org/aespa-trivia,4,83,4.82%,7.22
https://kpopquiz.org/q/ateez-lyrics-quiz,4,62,6.45%,11.21
https://kpopquiz.org/artms-quiz,4,56,7.14%,5.7
https://kpopquiz.org/kickflip-quiz,4,47,8.51%,7.36
https://kpopquiz.org/g-i-dle-quiz,4,38,10.53%,6.76
https://kpopquiz.org/q/enhypen-world-ultimate-fan-challenge,4,21,19.05%,7.1
https://kpopquiz.org/pt/kpop-quiz-2026,4,7,57.14%,2
https://kpopquiz.org/q/are-you-a-real-eyekon,3,234,1.28%,8.1
https://kpopquiz.org/illit-trivia,3,163,1.84%,6.96
https://kpopquiz.org/babymonster-trivia,3,56,5.36%,6.43
https://kpopquiz.org/q/are-you-a-real-coer-2,3,40,7.5%,8.07
https://kpopquiz.org/articles/bts-vs-blackpink-quiz,3,38,7.89%,8.47
https://kpopquiz.org/itzy-quiz,3,37,8.11%,7.54
https://kpopquiz.org/tws-quiz,3,34,8.82%,6.88
https://kpopquiz.org/games/name-them-all/name-all-kpop-groups?daily=game,3,32,9.38%,10.91
https://kpopquiz.org/q/stray-kids-true-or-false,3,27,11.11%,3.07
https://kpopquiz.org/loona-quiz,3,26,11.54%,7.08
https://kpopquiz.org/ive-trivia,3,25,12%,8.28
https://kpopquiz.org/q/guess-the-kickflip-member,3,16,18.75%,5.88
https://kpopquiz.org/q/easy-team-quiz,3,16,18.75%,8.81
https://kpopquiz.org/blindtest/group-ateez,3,6,50%,6.83
https://kpopquiz.org/q/katseye-quiz,2,236,0.85%,9.66
https://kpopquiz.org/q/le-sserafim-basics,2,64,3.12%,8.73
https://kpopquiz.org/articles/hardest-kpop-groups-to-memorize,2,49,4.08%,8.04
https://kpopquiz.org/bigbang-quiz,2,29,6.9%,10.62
https://kpopquiz.org/apink-quiz,2,19,10.53%,6.63
https://kpopquiz.org/q/k-pop-numbers-quiz-how-many-members,2,13,15.38%,6.69
https://kpopquiz.org/q/mamamoo-hip-quiz,2,11,18.18%,7.45
https://kpopquiz.org/games/name-all/name-all-babymonster,2,10,20%,7.8
https://kpopquiz.org/pt/quizzes,2,8,25%,7
https://kpopquiz.org/kpop-true-or-false,2,7,28.57%,3.29
https://kpopquiz.org/games/name-all/name-all-red-velvet,2,7,28.57%,5.29
https://kpopquiz.org/games/name-all/name-all-seventeen,2,6,33.33%,6.33
https://kpopquiz.org/blind-test/group-aespa,2,3,66.67%,3
https://kpopquiz.org/articles/kpop-generations-explained,1,731,0.14%,11.32
https://kpopquiz.org/quizzes?group=exo,1,160,0.62%,13.49
https://kpopquiz.org/articles/aespa-vs-newjeans-quiz,1,138,0.72%,7.8
https://kpopquiz.org/articles/stray-kids-vs-ateez,1,121,0.83%,7.92
https://kpopquiz.org/q/stray-kids-lee-know-quiz-part-1,1,103,0.97%,9.17
https://kpopquiz.org/q/illit-fans-here,1,99,1.01%,5.38
https://kpopquiz.org/q/guess-the-babymonster-member,1,47,2.13%,7.91
https://kpopquiz.org/le-sserafim-trivia,1,43,2.33%,6.05
https://kpopquiz.org/q/ateez-wanteez-quiz,1,37,2.7%,8.3
https://kpopquiz.org/articles/kpop-blind-test-by-group-ranked,1,36,2.78%,6.14
https://kpopquiz.org/exo-quiz,1,35,2.86%,9.23
https://kpopquiz.org/quizzes?group=stray-kids,1,29,3.45%,7.38
https://kpopquiz.org/blindtest/group-blackpink,1,21,4.76%,5.33
https://kpopquiz.org/q/hybe-groups-quiz,1,18,5.56%,6.22
https://kpopquiz.org/q/only-real-monstiez,1,17,5.88%,5.94
https://kpopquiz.org/q/enhypen-the-dark-blood-era,1,17,5.88%,6.65
https://kpopquiz.org/q/nmixx-members-quiz,1,17,5.88%,8.35
https://kpopquiz.org/q/ive-the-ive-ive-era?daily=quiz,1,16,6.25%,7.62
https://kpopquiz.org/games/name-all/name-top-5-aespa-songs,1,16,6.25%,8.25
https://kpopquiz.org/blind-test/group-bts,1,15,6.67%,6.13
https://kpopquiz.org/games/name-all/name-all-enhypen,1,15,6.67%,8.2
https://kpopquiz.org/q/k-pop-company-quiz-match-the-group-to-the-label,1,15,6.67%,8.27
https://kpopquiz.org/games/name-all/name-all-aespa,1,14,7.14%,5.93
https://kpopquiz.org/xikers-quiz,1,14,7.14%,8.43
https://kpopquiz.org/q/bts-members-real-names-complete-test,1,14,7.14%,12.79
https://kpopquiz.org/articles/kpop-blind-test-guide,1,13,7.69%,5.31
https://kpopquiz.org/q/guess-the-skz-member-from-clues,1,13,7.69%,8.62
https://kpopquiz.org/red-velvet-trivia,1,12,8.33%,5.83
https://kpopquiz.org/seventeen-trivia,1,12,8.33%,7.42
https://kpopquiz.org/q/skz-quiz,1,12,8.33%,12.08
https://kpopquiz.org/articles/kpop-quiz-statistics,1,11,9.09%,5.91
https://kpopquiz.org/q/twice-title-tracks-challenge-name-that-song,1,10,10%,6.9
https://kpopquiz.org/q/tws-general-quizzes,1,10,10%,6.9
https://kpopquiz.org/akmu-quiz,1,9,11.11%,4
https://kpopquiz.org/q/enhypen-discography-quiz,1,9,11.11%,6.67
https://kpopquiz.org/q/a-pretty-hard-itzy-quiz,1,9,11.11%,7.78
https://kpopquiz.org/q/ateez-members-quiz,1,9,11.11%,10
https://kpopquiz.org/bts-trivia,1,9,11.11%,11.56
https://kpopquiz.org/which-itzy-member-are-you?daily=game,1,9,11.11%,11.67
https://kpopquiz.org/txt-trivia,1,8,12.5%,7.5
https://kpopquiz.org/shinee-trivia,1,7,14.29%,6.14
https://kpopquiz.org/loossemble-quiz,1,6,16.67%,4.17
https://kpopquiz.org/q/bts-discography-challenge-name-that-era,1,6,16.67%,5.17
https://kpopquiz.org/rankings/general/girl-groups,1,6,16.67%,12.67
https://kpopquiz.org/q/true-or-false-debut-songs,1,5,20%,8
https://kpopquiz.org/q/ateez-pre-debut-quiz,1,5,20%,11.8
https://kpopquiz.org/blind-test/2nd-gen,1,4,25%,7.25
https://kpopquiz.org/q/identify-the-stray-kids-sub-unit,1,4,25%,7.25
https://kpopquiz.org/blindtest/group-iu,1,4,25%,7.75
https://kpopquiz.org/astro-quiz,1,4,25%,8
https://kpopquiz.org/q/for-the-hardcore-reveluvs-guess-the-red-velvet-mv-from-a-cro,1,3,33.33%,4.33
https://kpopquiz.org/q/are-you-a-real-neverland-,1,3,33.33%,6
https://kpopquiz.org/which-g-i-dle-member-are-you,1,3,33.33%,7.33
https://kpopquiz.org/games/match-up/song-title-halves?daily=game,1,3,33.33%,8
https://kpopquiz.org/blindtest/3rd-gen,1,2,50%,5
https://kpopquiz.org/q/which-k-pop-group-debuted-first-timeline-challenge,1,2,50%,5.5
https://kpopquiz.org/q/guess-the-loossemble-member-from-the-concept-picture,1,2,50%,7
https://kpopquiz.org/q/bts-world-records-and-achievements-quiz,1,1,100%,2
https://kpopquiz.org/blindtest/2nd-gen,1,1,100%,6
https://kpopquiz.org/q/k-pop-awards-and-milestones?daily=quiz,1,1,100%,7
https://kpopquiz.org/articles/kpop-eras-timeline,0,186,0%,8.17
https://kpopquiz.org/q/a-straykids-quiz,0,121,0%,9.64
https://kpopquiz.org/general-kpop-trivia,0,114,0%,15.44
https://kpopquiz.org/articles,0,104,0%,5.8
https://kpopquiz.org/faq,0,99,0%,6.16
https://kpopquiz.org/about,0,76,0%,4.76
https://kpopquiz.org/leaderboard,0,72,0%,7.54
https://kpopquiz.org/groups,0,68,0%,8.31
https://kpopquiz.org/privacy,0,58,0%,5.47
https://kpopquiz.org/articles/kpop-facts-every-fan-should-know,0,41,0%,11.44
https://kpopquiz.org/q/aespa-my-world-era?daily=quiz,0,39,0%,10.41
https://kpopquiz.org/enhypen-trivia,0,39,0%,11.54
https://kpopquiz.org/quizzes?group=bts,0,30,0%,12.9
https://kpopquiz.org/articles/newjeans-fan-guide,0,29,0%,7.62
https://kpopquiz.org/q/twice-members-once-test,0,28,0%,13.07
https://kpopquiz.org/articles/rookie-kpop-groups-2026,0,25,0%,6.76
https://kpopquiz.org/nct-quiz,0,25,0%,13.64
https://kpopquiz.org/games/name-all,0,25,0%,19.52
https://kpopquiz.org/q/le-sserafim-quiz-are-you-a-real-fearnot,0,24,0%,5.33
https://kpopquiz.org/quizzes/popular-this-week,0,23,0%,4.87
https://kpopquiz.org/q/exo-power-quiz,0,23,0%,5.83
https://kpopquiz.org/articles/girl-groups-vs-boy-groups-kpop-quiz,0,22,0%,8.59
https://kpopquiz.org/blind-test/4th-gen-bg,0,21,0%,7.62
https://kpopquiz.org/q/k-pop-choreography-and-dance,0,19,0%,5.53
https://kpopquiz.org/verse,0,19,0%,8
https://kpopquiz.org/exo-trivia,0,18,0%,13.61
https://kpopquiz.org/q/quiz-skz,0,17,0%,8
https://kpopquiz.org/q/itzy-dalla-dalla-quiz?daily=quiz,0,16,0%,11.75
https://kpopquiz.org/q/k-pop-girl-groups-true-or-false?daily=quiz,0,15,0%,6.73
https://kpopquiz.org/shinee-quiz,0,15,0%,10.33
https://kpopquiz.org/q/stray-kids-basics,0,14,0%,8.86
https://kpopquiz.org/q/itzy-members-quiz,0,13,0%,8
https://kpopquiz.org/q/blackpink-ultimate-fan-challenge,0,13,0%,8.15
https://kpopquiz.org/q/newjeans-members-fun-facts-quiz,0,13,0%,8.54
https://kpopquiz.org/q/flip-that-teasers-name-the-loona-members,0,13,0%,10.15
https://kpopquiz.org/games/name-all/name-all-newjeans,0,13,0%,11.15
https://kpopquiz.org/blindtest/4th-gen-bg,0,12,0%,5.17
https://kpopquiz.org/q/loona-songs-quiz-how-well-do-you-know-loona-songs,0,12,0%,7.75
https://kpopquiz.org/blindtest/girl-groups,0,12,0%,8.58
https://kpopquiz.org/q/newjeans-omg-quiz,0,12,0%,8.67
https://kpopquiz.org/q/stray-kids-guess-the-member-quiz-part-1,0,12,0%,8.67
https://kpopquiz.org/g-i-dle-trivia,0,11,0%,6.91
https://kpopquiz.org/newjeans-trivia,0,11,0%,7.91
https://kpopquiz.org/twice-trivia,0,11,0%,8
https://kpopquiz.org/games/sort-it,0,11,0%,11.91
https://kpopquiz.org/q/ive-the-ive-ive-era,0,10,0%,4.9
https://kpopquiz.org/q/stray-kids-discography-test,0,10,0%,5.8
https://kpopquiz.org/q/blackpink-true-or-false,0,10,0%,6.2
https://kpopquiz.org/q/aespa-black-mamba-quiz,0,10,0%,6.9
https://kpopquiz.org/blindtest/group-aespa,0,10,0%,7.3
https://kpopquiz.org/itzy-trivia,0,10,0%,7.5
https://kpopquiz.org/quizzes?group=txt,0,9,0%,1.78
https://kpopquiz.org/q/blackpink,0,9,0%,7.44
https://kpopquiz.org/which-newjeans-member-are-you?daily=game,0,9,0%,8.78
https://kpopquiz.org/blindtest/recent-hits,0,8,0%,3.38
https://kpopquiz.org/q/twice-specific-eras-quiz,0,8,0%,5.38
https://kpopquiz.org/q/bts-the-hyyh-era-hwa-yang-yeon-hwa,0,8,0%,5.75
https://kpopquiz.org/q/skz-true-or-false-only-real-stays-pass,0,8,0%,5.75
https://kpopquiz.org/blackpink-trivia,0,8,0%,6.5
https://kpopquiz.org/blind-test/3rd-gen,0,8,0%,7
https://kpopquiz.org/ateez-quiz,0,8,0%,7.5
https://kpopquiz.org/articles/most-played-kpop-quizzes,0,8,0%,11.25
https://kpopquiz.org/q/stray-kids-lee-know-quiz-part-2?utm_source=link&utm_medium=social&utm_campaign=quiz_share,0,8,0%,13.62
https://kpopquiz.org/q/twice-discography-quiz,0,7,0%,3.57
https://kpopquiz.org/games/name-all/name-all-bts,0,7,0%,5.14
https://kpopquiz.org/games/name-all/name-all-treasure,0,7,0%,7.71
https://kpopquiz.org/q/k-pop-member-nicknames-and-fun-facts,0,7,0%,7.86
https://kpopquiz.org/q/ive-after-like-to-i-am-era,0,7,0%,8
https://kpopquiz.org/q/bts-concerts-and-tour-moments-quiz,0,7,0%,8.71
https://kpopquiz.org/ateez-trivia,0,7,0%,9.14
https://kpopquiz.org/blind-test/4th-gen,0,7,0%,10.86
https://kpopquiz.org/q/k-pop-lingo-and-fan-culture,0,7,0%,13
https://kpopquiz.org/q/do-you-want-doeun-or-sunhye-to-come-tickle-you,0,7,0%,13.29
https://kpopquiz.org/q/how-well-do-you-know-seventeen-,0,7,0%,27
https://kpopquiz.org/games/name-them-all/name-all-3rd-gen-groups,0,7,0%,38.71
https://kpopquiz.org/q/bts-true-or-false-harder-edition,0,6,0%,4.83
https://kpopquiz.org/games/name-all/name-20-gg-idols,0,6,0%,5.17
https://kpopquiz.org/blindtest/group-illit,0,6,0%,5.67
https://kpopquiz.org/blind-test/group-hyuna,0,6,0%,6.83
https://kpopquiz.org/games/name-all/name-top-10-svt-songs,0,6,0%,6.83
https://kpopquiz.org/pt/hard-kpop-quizzes,0,6,0%,7.17
https://kpopquiz.org/q/are-you-real-coer,0,6,0%,7.17
https://kpopquiz.org/q/ateez-side-quests-quiz,0,6,0%,7.17
https://kpopquiz.org/blindtest/group-enhypen,0,6,0%,7.33
https://kpopquiz.org/q/ateez-the-fever-era?daily=quiz,0,6,0%,7.67
https://kpopquiz.org/games/name-all/name-all-ateez,0,6,0%,8.17
https://kpopquiz.org/monsta-x-quiz,0,6,0%,8.17
https://kpopquiz.org/games/name-all/name-top-5-newjeans-songs,0,6,0%,8.67
https://kpopquiz.org/games/name-all/name-top-10-skz-songs,0,6,0%,10
https://kpopquiz.org/q/treasure-basics,0,6,0%,11
https://kpopquiz.org/q/txt-members-deep-knowledge,0,6,0%,12.33
https://kpopquiz.org/trending,0,5,0%,3.6
https://kpopquiz.org/rankings/blackpink/members,0,5,0%,5.8
https://kpopquiz.org/q/only-real-bunnies-can-ace-this-newjeans-quiz,0,5,0%,6
https://kpopquiz.org/q/k-pop-mascots-and-cute-culture,0,5,0%,6.4
https://kpopquiz.org/u/exoplanet99,0,5,0%,6.6
https://kpopquiz.org/q/ive-true-or-false,0,5,0%,7.4
https://kpopquiz.org/q/newjeans-hype-boy-vs-attention-quiz,0,5,0%,8.4
https://kpopquiz.org/q/gi-dle-true-or-false,0,5,0%,8.6
https://kpopquiz.org/blindtest/group-2ne1,0,5,0%,9.6
https://kpopquiz.org/blindtest/4th-gen,0,5,0%,13.2
https://kpopquiz.org/q/k-pop-idol-nationalities,0,5,0%,17.2
https://kpopquiz.org/q/exo-discography-challenge,0,4,0%,3.75
https://kpopquiz.org/q/name-the-group-from-the-fandom-name,0,4,0%,5
https://kpopquiz.org/q/can-you-guess-the-ive-song-from-3-clues-?daily=quiz,0,4,0%,5.25
https://kpopquiz.org/q/stray-kids-the-miroh-era,0,4,0%,7.25
https://kpopquiz.org/q/aespa-my-concept-universe,0,4,0%,7.5
https://kpopquiz.org/q/k-pop-music-production,0,4,0%,7.5
https://kpopquiz.org/q/le-sserafim-antifragile-to-unforgiven,0,4,0%,7.5
https://kpopquiz.org/blindtest/group-hyuna,0,4,0%,8.25
https://kpopquiz.org/q/seventeen-basics-for-carats,0,4,0%,8.25
https://kpopquiz.org/games/name-all/name-all-nmixx,0,4,0%,8.75
https://kpopquiz.org/q/aespa-members-and-concepts,0,4,0%,9.5
https://kpopquiz.org/which-newjeans-member-are-you,0,4,0%,9.75
https://kpopquiz.org/q/kep1er-quiz,0,4,0%,10.25
https://kpopquiz.org/q/ateez-true-or-false,0,4,0%,33
https://kpopquiz.org/q/exo-true-or-false,0,3,0%,3.67
https://kpopquiz.org/blindtest/boy-groups,0,3,0%,4.33
https://kpopquiz.org/q/ultimate-bts-era-quiz-only-real-armys-survive,0,3,0%,4.33
https://kpopquiz.org/nct-trivia,0,3,0%,4.67
https://kpopquiz.org/games/name-all/name-all-ive,0,3,0%,5
https://kpopquiz.org/q/k-pop-group-friendships,0,3,0%,5.33
https://kpopquiz.org/q/-nct-find-the-intruder,0,3,0%,5.67
https://kpopquiz.org/q/got7-basics,0,3,0%,6
https://kpopquiz.org/games/name-all/name-top-10-blackpink-songs,0,3,0%,6.33
https://kpopquiz.org/q/sm-entertainment-groups-quiz,0,3,0%,6.33
https://kpopquiz.org/q/blackpink-solo-careers-quiz,0,3,0%,6.67
https://kpopquiz.org/games/name-all/name-all-gidle,0,3,0%,7
https://kpopquiz.org/games/name-all/name-all-itzy,0,3,0%,7
https://kpopquiz.org/u/kpopfan_official,0,3,0%,7
https://kpopquiz.org/games/name-all/name-all-stray-kids,0,3,0%,7.33
https://kpopquiz.org/q/artms-true-or-false,0,3,0%,7.33
https://kpopquiz.org/q/k-pop-survival-shows-quiz,0,3,0%,7.33
https://kpopquiz.org/blindtest/group-fx,0,3,0%,8
https://kpopquiz.org/stray-kids-trivia,0,3,0%,8
https://kpopquiz.org/q/txt-discography-deep-dive,0,3,0%,8.33
https://kpopquiz.org/q/loona-true-or-false,0,3,0%,10
https://kpopquiz.org/blind-test/group-monsta-x,0,3,0%,10.33
https://kpopquiz.org/blindtest/group-sistar,0,3,0%,12
https://kpopquiz.org/q/exo-power-quiz?daily=quiz,0,3,0%,13.33
https://kpopquiz.org/q/red-velvet-the-perfect-velvet-era,0,3,0%,15
https://kpopquiz.org/q/song-covers-in-k-pop,0,3,0%,17
https://kpopquiz.org/q/stray-kids-district-9-quiz,0,3,0%,18
https://kpopquiz.org/q/k-pop-boy-groups-true-or-false?daily=quiz,0,3,0%,22.33
https://kpopquiz.org/q/newjeans-true-or-false,0,2,0%,2
https://kpopquiz.org/blindtest/group-twice,0,2,0%,2.5
https://kpopquiz.org/q/aespa-discography-quiz,0,2,0%,3
https://kpopquiz.org/q/newjeans-discography-and-facts,0,2,0%,4
https://kpopquiz.org/q/ateez-lyrics-quiz-part-5,0,2,0%,4.5
https://kpopquiz.org/q/cooking-like-a-chef-food-drinks-in-k-pop,0,2,0%,4.5
https://kpopquiz.org/q/fifty-fifty-discography-quiz,0,2,0%,4.5
https://kpopquiz.org/q/red-velvet-psycho-quiz,0,2,0%,4.5
https://kpopquiz.org/q/enhypen-drunk-dazed-quiz,0,2,0%,5
https://kpopquiz.org/u/mapple,0,2,0%,5
https://kpopquiz.org/q/itzy-the-crazy-in-love-era,0,2,0%,5.5
https://kpopquiz.org/q/jyp-entertainment-groups-quiz,0,2,0%,5.5
https://kpopquiz.org/blindtest/group-jimin,0,2,0%,6
https://kpopquiz.org/blindtest/classic,0,2,0%,6.5
https://kpopquiz.org/games/match-up,0,2,0%,6.5
https://kpopquiz.org/q/stray-kids-members-deep-knowledge,0,2,0%,6.5
https://kpopquiz.org/blindtest/4th-gen-gg,0,2,0%,7
https://kpopquiz.org/mamamoo-quiz,0,2,0%,7
https://kpopquiz.org/q/skz-memes-who-said-what,0,2,0%,7
https://kpopquiz.org/q/yg-entertainment-groups-quiz,0,2,0%,7
https://kpopquiz.org/q/are-u-a-real-gllit,0,2,0%,7.5
https://kpopquiz.org/q/k-pop-label-structure-and-companies,0,2,0%,7.5
https://kpopquiz.org/q/k-pop-merchandise-and-collecting,0,2,0%,7.5
https://kpopquiz.org/rankings/general/4th-gen-groups,0,2,0%,7.5
https://kpopquiz.org/blindtest/group-le-sserafim,0,2,0%,8.5
https://kpopquiz.org/games/sort-it/3rd-gen-or-4th-gen,0,2,0%,8.5
https://kpopquiz.org/q/gi-dle-members-and-facts,0,2,0%,8.5
https://kpopquiz.org/q/k-pop-debut-songs-name-the-group,0,2,0%,8.5
https://kpopquiz.org/q/nct-127-basics,0,2,0%,8.5
https://kpopquiz.org/q/stray-kids-know-each-member,0,2,0%,9
https://kpopquiz.org/blindtest/group-artms,0,2,0%,9.5
https://kpopquiz.org/games/name-all/name-top-10-bts-songs,0,2,0%,9.5
https://kpopquiz.org/q/ateez-basics-for-atinys,0,2,0%,9.5
https://kpopquiz.org/q/k-pop-streaming-records?daily=quiz,0,2,0%,9.5
https://kpopquiz.org/q/k-pop-sub-units-their-songs,0,2,0%,9.5
https://kpopquiz.org/q/k-pop-concert-and-light-stick-culture?daily=quiz,0,2,0%,10
https://kpopquiz.org/blind-test/group-sunmi,0,2,0%,10.5
https://kpopquiz.org/q/can-you-guess-the-ive-song-from-3-clues-,0,2,0%,10.5
https://kpopquiz.org/got7-trivia,0,2,0%,11
https://kpopquiz.org/q/shinee-legends-quiz,0,2,0%,12.5
https://kpopquiz.org/q/k-pop-variety-shows-and-games,0,2,0%,13
https://kpopquiz.org/q/gi-dle-tomboy-quiz,0,2,0%,13.5
https://kpopquiz.org/games/name-all/name-all-4th-gen-gg,0,2,0%,18
https://kpopquiz.org/blindtest/solo-artists,0,1,0%,1
https://kpopquiz.org/new,0,1,0%,1
https://kpopquiz.org/blindtest/group-txt,0,1,0%,2
https://kpopquiz.org/q/k-pop-variety-show-moments,0,1,0%,2
https://kpopquiz.org/blindtest/group-red-velvet,0,1,0%,3
https://kpopquiz.org/games/name-all/name-all-exo,0,1,0%,4
https://kpopquiz.org/q/4th-gen-boy-groups-quiz,0,1,0%,4
https://kpopquiz.org/blindtest/group-taeyeon,0,1,0%,5
https://kpopquiz.org/q/are-you-real-coer-version-2,0,1,0%,5
https://kpopquiz.org/q/k-pop-group-name-meanings-true-or-false,0,1,0%,5
https://kpopquiz.org/q/k-pop-lightstick-colors-and-shapes,0,1,0%,5
https://kpopquiz.org/q/k-pop-maknae-youngest-member-quiz,0,1,0%,5
https://kpopquiz.org/q/k-pop-sasaeng-and-fan-culture-dark-side,0,1,0%,5
https://kpopquiz.org/q/stray-kids-albums-and-b-sides-deep-dive,0,1,0%,5
https://kpopquiz.org/tier-list,0,1,0%,5
https://kpopquiz.org/blindtest/group-taeyang,0,1,0%,6
https://kpopquiz.org/games/name-all/name-30-bg-idols,0,1,0%,6
https://kpopquiz.org/q/k-pop-songs-of-2024-quiz,0,1,0%,6
https://kpopquiz.org/q/stray-kids-achievements-and-records,0,1,0%,6
https://kpopquiz.org/blind-test/group-ive,0,1,0%,7
https://kpopquiz.org/blindtest/group-apink,0,1,0%,7
https://kpopquiz.org/blindtest/group-jungkook,0,1,0%,7
https://kpopquiz.org/games/match-up/fandom-to-group?daily=game,0,1,0%,7
https://kpopquiz.org/games/name-all/name-all-twice,0,1,0%,7
https://kpopquiz.org/q/ateez-music-videos-quiz,0,1,0%,7
https://kpopquiz.org/q/blackpink-how-you-like-that-quiz,0,1,0%,7
https://kpopquiz.org/q/k-pop-sub-units-and-solo-debuts,0,1,0%,7
https://kpopquiz.org/rankings/general/girl-group-idols,0,1,0%,7
https://kpopquiz.org/blindtest/group-zico,0,1,0%,8
https://kpopquiz.org/data/pulse/2026-07,0,1,0%,8
https://kpopquiz.org/games/name-all/name-songs-the-album-bp?daily=game,0,1,0%,8
https://kpopquiz.org/games/name-all/name-top-10-4th-gen-gg-songs,0,1,0%,8
https://kpopquiz.org/pt/blindtest,0,1,0%,8
https://kpopquiz.org/q/bigbang-vips-only-quiz,0,1,0%,8
https://kpopquiz.org/q/bts-guess-the-mv-from-the-screenshot,0,1,0%,8
https://kpopquiz.org/q/which-company-does-this-idol-belong-to,0,1,0%,8
https://kpopquiz.org/blindtest/group-mamamoo,0,1,0%,9
https://kpopquiz.org/day6-quiz,0,1,0%,9
https://kpopquiz.org/q/ateez-lyrics-quiz-part-3,0,1,0%,9
https://kpopquiz.org/q/ateez-lyrics-quiz-part-4,0,1,0%,9
https://kpopquiz.org/q/bts-true-or-false-bet-you-cant-get-100,0,1,0%,9
https://kpopquiz.org/q/k-pop-and-japan,0,1,0%,9
https://kpopquiz.org/q/k-pop-fandom-names-quiz,0,1,0%,9
https://kpopquiz.org/q/one-for-sones,0,1,0%,9
https://kpopquiz.org/q/guess-the-bts-member-from-clues,0,1,0%,10
https://kpopquiz.org/q/ive-discography-and-hits,0,1,0%,10
https://kpopquiz.org/q/k-pop-generations-quiz,0,1,0%,10
https://kpopquiz.org/q/k-pop-training-system-and-idol-life,0,1,0%,10
https://kpopquiz.org/q/once-test,0,1,0%,10
https://kpopquiz.org/q/what-would-you-do-if-you-where-eating-a-cake-and-jieun-stole,0,1,0%,10
https://kpopquiz.org/q/blackpink-kill-this-love-era,0,1,0%,11
https://kpopquiz.org/q/bts-members-know-your-biases,0,1,0%,11
https://kpopquiz.org/q/how-well-do-you-know-about-bts-as-a-army,0,1,0%,11
https://kpopquiz.org/q/k-pop-b-sides-that-became-fan-favorites,0,1,0%,11
https://kpopquiz.org/q/k-pop-debut-songs-true-or-false,0,1,0%,11
https://kpopquiz.org/q/k-pop-group-colors-and-lightsticks,0,1,0%,11
https://kpopquiz.org/q/k-pop-viral-dance-challenges,0,1,0%,11
https://kpopquiz.org/q/which-group-is-this-member-from,0,1,0%,11
https://kpopquiz.org/rankings/general/4th-gen-gg-idols,0,1,0%,11
https://kpopquiz.org/q/bts-solo-era-quiz-match-the-member-to-the-music,0,1,0%,12
https://kpopquiz.org/q/red-velvet-true-or-false,0,1,0%,15
https://kpopquiz.org/q/ateez-title-tracks-and-members-quiz,0,1,0%,18
https://kpopquiz.org/q/seventeen-true-or-false,0,1,0%,21
https://kpopquiz.org/q/twice-true-or-false,0,1,0%,46