Requêtes les plus fréquentes,Clics,Impressions,CTR,Position
cortis quiz,265,3134,8.46%,6.51
illit quiz,213,2202,9.67%,5.1
kpop quiz,179,4058,4.41%,9.57
kpopquiz,150,357,42.02%,1.96
seventeen quiz,119,1239,9.6%,6.84
kpopquiz.io,57,86,66.28%,1.01
blind test kpop,48,249,19.28%,5.16
quiz cortis,47,931,5.05%,8.03
cortis trivia,42,86,48.84%,4.03
kpop quizzes,40,396,10.1%,14.08
babymonster quiz,37,746,4.96%,8.32
kpop quiz. io,34,59,57.63%,1.44
cortis test,33,991,3.33%,7.73
k pop quiz,30,126,23.81%,12.84
kpop blind test,29,75,38.67%,3.6
kpop quiz io,29,54,53.7%,1.39
aespa quiz,28,389,7.2%,7.77
illit test,27,277,9.75%,6.72
illit trivia,20,79,25.32%,4.92
cortis quizzes,16,195,8.21%,7.96
stray kids quiz,15,339,4.42%,9.9
kpopquiz.oi,14,26,53.85%,1.04
twice quiz,13,147,8.84%,8.21
test cortis,11,308,3.57%,8.75
cortis quizz,10,72,13.89%,6.43
seventeen kpop quiz,9,103,8.74%,7.07
quiz illit,8,417,1.92%,8.02
quiz seventeen,8,200,4%,8.02
seventeen test,8,75,10.67%,6.95
quiz babymonster,7,171,4.09%,8.06
illit quizzes,7,84,8.33%,5.02
illit game online,7,50,14%,8.16
guess the kpop idol by picture,7,44,15.91%,5.84
coer quiz,7,38,18.42%,4.08
aespa discography quiz,6,113,5.31%,3.65
test de cortis,6,108,5.56%,9.72
k-pop quiz,6,105,5.71%,11.56
skz quiz,6,100,6%,9.04
quiz cortis kpop,6,49,12.24%,7.78
how well do you know cortis,6,29,20.69%,5.9
bts quiz arirang,6,29,20.69%,8.45
kpop quiz.io,6,15,40%,1.4
kpop trivia,5,138,3.62%,9.59
seventeen discography quiz,5,120,4.17%,7.38
aespa members quiz,5,38,13.16%,6.34
seventeen quiz kpop,5,37,13.51%,6.38
kpop quizz,5,33,15.15%,6.52
this or that kpop,5,27,18.52%,6.33
babymonster trivia,5,16,31.25%,4.12
aespa test,4,74,5.41%,7.69
quiz de cortis,4,50,8%,7.34
illit wuiz,4,36,11.11%,5.58
quiz cortist,4,12,33.33%,7.42
quiz kpop,3,119,2.52%,15.86
which aespa member are you,3,68,4.41%,9.06
red velvet quiz,3,47,6.38%,7.11
test illit,3,45,6.67%,7.33
cortis game quiz,3,40,7.5%,9.18
bts arirang quiz,3,37,8.11%,8.89
babymonster test,3,35,8.57%,8.34
illit games online,3,25,12%,8.8
stray kids quiz 2026,3,24,12.5%,4
kpop quiz cortis,3,23,13.04%,5.26
quiz kpop babymonster,3,23,13.04%,7.87
bts fan quiz 2026,3,18,16.67%,5.72
kpop quiz illit,3,17,17.65%,4.82
bts quiz 2026,3,11,27.27%,5.91
quiz do illit,2,253,0.79%,8.97
seventeen quizzes,2,106,1.89%,12.01
blackpink discography quiz,2,85,2.35%,5.66
straykids quiz,2,79,2.53%,8.65
cortis fun facts,2,68,2.94%,6.53
fun facts about cortis,2,66,3.03%,5.92
cortis quiz test,2,53,3.77%,6.66
kpop quiz babymonster,2,52,3.85%,8.08
blackpink quiz for blinks,2,48,4.17%,7.44
enhypen quiz,2,40,5%,10.53
newjeans quiz,2,39,5.13%,8.38
illit quiz questions,2,36,5.56%,6.14
red velvet discography quiz,2,32,6.25%,4.44
quiz illit kpop,2,29,6.9%,9.21
babymonster questions,2,28,7.14%,5.18
aespa member quiz,2,28,7.14%,7.32
kpop quiz seventeen,2,28,7.14%,14.04
illit testi,2,26,7.69%,8.27
quiz cotis,2,24,8.33%,6.46
test babymonster,2,23,8.7%,7.7
seventeen trivia,2,21,9.52%,8.24
cortis quizes,2,20,10%,6.4
cortis quiz kpop,2,17,11.76%,6.06
itzy quiz,2,16,12.5%,11.38
kpop quiz bts,2,14,14.29%,8.5
what aespa member are you,2,12,16.67%,9.33
guess kpop idol by picture,2,8,25%,5
quiz kpop illit,2,8,25%,7.12
illit song quiz,2,8,25%,15.12
kpop quiz stray kids,2,7,28.57%,7
guess the illit member quiz,2,6,33.33%,8
kpop test quiz,2,5,40%,15.2
kpop blind draft,2,4,50%,4.5
going seventeen quiz,2,4,50%,11.75
&team quizzes,2,3,66.67%,7.67
illit questions,1,107,0.93%,5.88
cortis questions,1,79,1.27%,7.95
twice discography quiz,1,69,1.45%,4.26
test cortis kpop,1,62,1.61%,7.89
exo quiz,1,55,1.82%,15.62
quiz aespa,1,52,1.92%,8.69
test de cortis kpop,1,49,2.04%,7.86
name the kpop idol by picture,1,39,2.56%,5.9
stray kids test,1,37,2.7%,8.59
seventeen members quiz,1,33,3.03%,7.85
stray kids trivia,1,30,3.33%,7.8
baby monster quiz,1,25,4%,8.36
aespa quizzes,1,23,4.35%,14.3
k pop quizzes,1,22,4.55%,18.68
enhypen discography quiz,1,19,5.26%,5.68
cortis games,1,19,5.26%,7.89
quiz kpop cortis,1,19,5.26%,8.79
illit quizz,1,18,5.56%,8
illit fun facts,1,17,5.88%,6.88
kuiz cortis,1,17,5.88%,7.53
seventeen member quiz,1,17,5.88%,9.12
kpop quizes,1,17,5.88%,9.18
quiz stray kids,1,16,6.25%,8.56
kpop wuiz,1,15,6.67%,6.8
twice trivia,1,15,6.67%,9.07
ive quiz,1,13,7.69%,6.15
fun facts about cortis members,1,13,7.69%,7.38
stray kids vs ateez,1,12,8.33%,7.83
kpop seventeen quiz,1,12,8.33%,15.58
kpop quize,1,11,9.09%,8.45
quiz o stray kids 2026,1,10,10%,7
quiz red velvet,1,10,10%,11.5
cortis type quiz,1,9,11.11%,25
guess the kpop idol by face,1,8,12.5%,8.12
kpop quiz enhypen,1,7,14.29%,7.86
quiz twice,1,7,14.29%,7.86
kpop general knowledge quiz,1,7,14.29%,11
&team quiz,1,6,16.67%,5.83
kpop quiz games,1,6,16.67%,7.83
quiz test cortis,1,6,16.67%,8.33
kpop.quiz,1,6,16.67%,8.5
skz members quiz,1,6,16.67%,8.67
kuis cortis,1,6,16.67%,12.33
daily kpop quiz,1,6,16.67%,12.83
blindtest kpop,1,5,20%,2.2
babymonster 粉絲 測試,1,5,20%,9.4
blind test bts,1,5,20%,10.8
quiz k pop,1,5,20%,12.2
i-dle quiz,1,4,25%,4.25
kpop qiz,1,4,25%,8
newjeans bias quiz,1,4,25%,9.5
enhypen quizzes,1,4,25%,15.25
illitクイズ,1,4,25%,19.5
babymonster games online,1,3,33.33%,5.33
are you a real eyekon quiz,1,3,33.33%,6.67
quiz kpop bts,1,3,33.33%,7.67
guess the skz member,1,3,33.33%,8.33
bts trivia,1,3,33.33%,9.33
quiz new jeans,1,3,33.33%,9.67
how many kpop groups can you name,1,2,50%,10.5
are you a real eyekon,1,2,50%,11
test gu cortis,1,2,50%,11
اختبار كيبوب,1,1,100%,3
seventeen guess the member,1,1,100%,16
iveクイズ,1,1,100%,17
guess the illit song,1,1,100%,52
do you know cortis?,0,73,0%,6.56
katseye questions,0,67,0%,10.7
kpop discography quiz,0,54,0%,8.33
quizz cortis,0,40,0%,7.8
illit discography quiz,0,40,0%,8.65
stray kids quizzes,0,38,0%,9.39
kpop pop quiz,0,35,0%,29.09
k-pop quizzes,0,34,0%,15.74
cortis test quiz,0,30,0%,7.27
blackpink quiz: blink trivia,0,30,0%,8.7
aespa bias quiz,0,28,0%,8.5
blind test kpop 2026,0,26,0%,4.12
do you know cortis,0,26,0%,6.88
quizzes kpop,0,25,0%,23.24
katseye quiz with answers,0,24,0%,9.46
quizzes seventeen,0,24,0%,17.62
illit questions and answers,0,23,0%,4.43
aespa all songs test,0,23,0%,8.13
blackpink quiz,0,23,0%,21.61
exo discography quiz,0,22,0%,5.59
cortis wuiz,0,22,0%,6.36
illit bias test,0,22,0%,7.5
quiz do cortis,0,22,0%,8.14
quiz de illit,0,22,0%,9.27
facts about cortis,0,22,0%,9.95
bts fan quiz arirang,0,21,0%,8.81
straykids test,0,21,0%,10.24
kpop quiz blackpink,0,21,0%,15.95
kpop test,0,21,0%,23.24
blind test blackpink,0,19,0%,5.95
skz test,0,17,0%,9.53
test quiz cortis,0,16,0%,6.5
quiz skz,0,16,0%,10.94
quiz on kpop,0,16,0%,22.81
blind test k-pop,0,15,0%,5.6
ateez vs stray kids,0,15,0%,6.27
twice test,0,15,0%,6.4
kpop quiz online,0,15,0%,7.53
quiz o illit,0,15,0%,7.87
stray kids trivia questions,0,15,0%,8.47
cortis song quiz,0,15,0%,9
ilit quiz,0,14,0%,6.64
quiz costis,0,14,0%,6.93
ive test,0,14,0%,7.14
test twice,0,14,0%,7.79
stray kids members quiz,0,14,0%,9.07
quiz o babymonster,0,14,0%,9.21
blind test k pop,0,13,0%,4.62
quiz o cortis,0,13,0%,8.31
cortis type quiz test,0,13,0%,19.92
korean pop quiz,0,13,0%,25.46
answerology seventeen,0,13,0%,51
lee know quiz,0,12,0%,7
тест кто ты из cortis,0,12,0%,7.67
enhypen test,0,12,0%,7.75
cortis facts,0,12,0%,8.75
fun facts about illit,0,12,0%,8.83
newjeans test,0,12,0%,9.33
stray kıds quiz,0,12,0%,11.33
blackpink quizzes,0,12,0%,16.92
اختبار كورتيس,0,11,0%,7.82
kpop quiz skz,0,11,0%,8
quizz illit,0,11,0%,8
ive question,0,11,0%,8.27
quizizz cortis,0,11,0%,8.36
questions about katseye,0,11,0%,9.45
test seventeen,0,11,0%,9.91
ateez discography quiz,0,11,0%,11
test kpop,0,11,0%,23.36
itzy discography quiz,0,10,0%,4.4
qcoer id cortis,0,10,0%,6.8
quiz do aespa,0,10,0%,8.2
babymonster quizzes,0,10,0%,8.3
kpopverse,0,10,0%,9.1
kpop tests,0,10,0%,18.1
newjeans discography quiz,0,9,0%,4.89
new jeans quiz,0,9,0%,7
test cortis quiz,0,9,0%,7.56
do u know cortis,0,9,0%,7.89
kpop picture trivia,0,9,0%,8
blackpink test,0,9,0%,13.22
skz quiz questions,0,9,0%,14.11
svt quiz,0,9,0%,18.22
fun fact about cortis,0,8,0%,6.62
test fan cortis,0,8,0%,6.75
kickflip quiz,0,8,0%,7
which aespa member are you quiz,0,8,0%,8.88
baby monster test,0,8,0%,9.88
bts quiz,0,8,0%,15.38
which seventeen member are you quiz,0,8,0%,20.25
quizzes about kpop,0,8,0%,21
skz reddit,0,8,0%,21
kpop trivia questions,0,8,0%,34.25
site:kpopquiz.org,0,7,0%,1
how long does a kpop generation last,0,7,0%,6.57
kpop quix,0,7,0%,7.14
kpop quizez,0,7,0%,7.14
enhypen trivia,0,7,0%,7.57
twice-tested,0,7,0%,8.71
k-pop trivia,0,7,0%,9.57
question about katseye,0,7,0%,9.57
katseye quiz questions,0,7,0%,10.14
twice kpop quiz,0,7,0%,11.29
bts tests,0,7,0%,11.57
quizz kpop,0,7,0%,19
kpop kvíz,0,7,0%,24.29
quiz stray kids 2026,0,6,0%,5
babymonster testi,0,6,0%,6.5
kpop qui,0,6,0%,6.83
quiz ive,0,6,0%,7.5
this and that test skz,0,6,0%,8.17
@𝐑: cortis type quiz test,0,6,0%,9
seventeen teen test,0,6,0%,9
aespa vs newjeans,0,6,0%,9.17
all kpop groups a to z,0,6,0%,11
aespa quiz which member are you,0,6,0%,12
nct quiz,0,6,0%,13.17
twice quizzes,0,6,0%,14
bts quiz army,0,6,0%,14.17
exo quizzes,0,6,0%,14.17
which seventeen member are you,0,6,0%,16.17
bigbang quiz,0,6,0%,23.33
name all kpop groups,0,6,0%,23.67
akmu,0,5,0%,3.6
how well do you know illit,0,5,0%,6
hard kpop questions,0,5,0%,6.2
quizizz kpop,0,5,0%,6.2
when does 5th gen kpop end,0,5,0%,7.4
how well do you know twice quiz,0,5,0%,7.6
how long is a kpop generation,0,5,0%,7.8
stray kids facts quiz,0,5,0%,7.8
skz trivia,0,5,0%,8.4
aespa fun facts,0,5,0%,8.6
red velvet bias quiz,0,5,0%,8.6
quis cortis,0,5,0%,9.4
tes cortis,0,5,0%,9.6
who is more popular aespa or newjeans,0,5,0%,9.6
cortis type quiz test ở đâu,0,5,0%,10.2
newjeans and aespa,0,5,0%,10.8
quiz enhypen,0,5,0%,10.8
aespa song quiz,0,5,0%,11.4
twice songs quiz,0,5,0%,13.8
guess the aespa member,0,5,0%,15.6
twice song quiz,0,5,0%,16.8
bts kpop quiz,0,5,0%,18.2
nct quizzes,0,5,0%,22
kpop quiz trivia,0,5,0%,22.6
quiz blackpink,0,5,0%,23.2
quiz about kpop,0,5,0%,24.6
who offers k-pop discovery by genre or era?,0,4,0%,2.5
new kpop quiz,0,4,0%,4
how long do kpop generations last,0,4,0%,5.75
illit facts,0,4,0%,5.75
cortis uquiz,0,4,0%,6.25
kpo quiz,0,4,0%,6.25
fan quiz bts arirang,0,4,0%,6.75
test aespa,0,4,0%,6.75
zip quiz cortis,0,4,0%,7.25
kpop groups a to z,0,4,0%,7.5
quiz kpop stray kids,0,4,0%,7.75
who is more popular newjeans or aespa,0,4,0%,8
اختبار سفنتين,0,4,0%,8.25
babymonster fun facts,0,4,0%,8.5
le sserafim quiz,0,4,0%,8.5
blink test blackpink,0,4,0%,9.25
this and that quiz skz,0,4,0%,9.5
what are ive fans called,0,4,0%,9.5
kpop quoz,0,4,0%,11
which itzy member are you,0,4,0%,13.75
illit クイズ,0,4,0%,14.5
twice cqs,0,4,0%,14.5
quiz k-pop,0,4,0%,16.5
blackpink trivia,0,4,0%,17.5
twice member quiz,0,4,0%,20.5
twice members quiz,0,4,0%,21.5
kpop facts,0,4,0%,28.25
how well do you know stray kids,0,4,0%,35.75
cortis mascot,0,4,0%,36.5
quizsm.com,0,4,0%,61.25
more,0,3,0%,2
簡単にして,0,3,0%,4.33
kpop fact,0,3,0%,4.67
fun fact cortis,0,3,0%,5
guess the red velvet member,0,3,0%,5
blink quiz,0,3,0%,5.33
kpop girl groups,0,3,0%,5.33
bts discography quiz,0,3,0%,6.33
exo test,0,3,0%,6.67
kpop auiz,0,3,0%,6.67
quiz baby monster,0,3,0%,6.67
quizz twice,0,3,0%,6.67
ky pops test,0,3,0%,7
le sserafim fun facts,0,3,0%,7
illit test bias,0,3,0%,7.33
quizz babymonster,0,3,0%,7.33
eyekon test,0,3,0%,7.67
skz discography quiz,0,3,0%,7.67
uquiz seventeen,0,3,0%,7.67
blackpink quizz,0,3,0%,8
blackpink trivia questions,0,3,0%,8
coer if,0,3,0%,8.33
are you an eyekon,0,3,0%,8.67
nmixx quiz,0,3,0%,8.67
stray kids quiz are you a real stay,0,3,0%,8.67
which newjeans member are you,0,3,0%,8.67
aespa and newjeans,0,3,0%,9
quiz kpop skz,0,3,0%,9
uquiz cortis,0,3,0%,9
do you know enhypen,0,3,0%,9.33
do you know stray kids?,0,3,0%,9.33
name all enhypen members,0,3,0%,9.33
kpop ere,0,3,0%,9.67
new jeans test,0,3,0%,9.67
test stray kids,0,3,0%,9.67
illit bias quiz,0,3,0%,10
xikers quiz,0,3,0%,10
enhypen fun facts,0,3,0%,10.33
kpop daily quiz,0,3,0%,10.33
stray kids tests,0,3,0%,11
cortis types quiz test,0,3,0%,11.67
illit members quiz,0,3,0%,11.67
illit games,0,3,0%,14.67
which twice member are you,0,3,0%,16.33
exo bias quiz,0,3,0%,18.67
black pink quiz,0,3,0%,21.67
quiz de babymonster,0,3,0%,21.67
twice questions,0,3,0%,23.67
kpop trivia quiz,0,3,0%,34
coer test,0,2,0%,3
how long is each kpop generation,0,2,0%,3
newjeans vs aespa,0,2,0%,3
facts about babymonster,0,2,0%,4
kpop girl groups list,0,2,0%,4
...,0,2,0%,4.5
quiz idol,0,2,0%,5.5
stray kids quiz questions,0,2,0%,5.5
stray kids discography quiz,0,2,0%,6
ateez or stray kids,0,2,0%,6.5
kpop quis,0,2,0%,6.5
kpop this or that,0,2,0%,6.5
my aespa member,0,2,0%,6.5
quiz de k-pop,0,2,0%,6.5
blink fandom exam,0,2,0%,7
ive members quiz,0,2,0%,7
kpop quiz hard,0,2,0%,7
stray kids or ateez,0,2,0%,7
who is this idol,0,2,0%,7
babymonster facts,0,2,0%,7.5
babymonster kvíz,0,2,0%,7.5
twice quizz,0,2,0%,7.5
tws quiz,0,2,0%,7.5
how well do you know enhypen quiz,0,2,0%,8
is aespa more popular than newjeans,0,2,0%,8
name all skz songs,0,2,0%,8
shinee quiz,0,2,0%,8
stray kids quizz,0,2,0%,8
test bias illit,0,2,0%,8
fun fact about illit,0,2,0%,8.5
fun facts about babymonster,0,2,0%,8.5
quiz bias illit,0,2,0%,8.5
quiz straykids,0,2,0%,8.5
stray kids member quiz,0,2,0%,8.5
txt discography quiz,0,2,0%,8.5
which aespa member am i,0,2,0%,8.5
aespa bias test,0,2,0%,9
guess the idol,0,2,0%,9
illit member test,0,2,0%,9
loona quiz,0,2,0%,9
quiz kpop blackpink,0,2,0%,9
test cotis,0,2,0%,9
this and that skz quiz,0,2,0%,9
twice all songs quiz,0,2,0%,9
when does 4th gen kpop start and end,0,2,0%,9
fun facts about enhypen,0,2,0%,9.5
k quiz,0,2,0%,9.5
newjeans aespa,0,2,0%,9.5
bts vs blackpink comparison,0,2,0%,10
katseye quiz questions and answers,0,2,0%,10
kpop quiz sporcle 2026,0,2,0%,10
name all aespa songs,0,2,0%,10
stray kids identification quiz,0,2,0%,10
what gen is twice,0,2,0%,10
what illit,0,2,0%,10
which idol is this,0,2,0%,10
which kickflip member are you,0,2,0%,10
кто ты из cortis,0,2,0%,10
blindtest,0,2,0%,10.5
kpop generations timeline,0,2,0%,10.5
stray kids knowledge quiz,0,2,0%,10.5
fun facts about kpop groups,0,2,0%,11
katseye question,0,2,0%,11
what gen is bigbang,0,2,0%,11
blackpink quiz with answers,0,2,0%,12
quiz cortis gu,0,2,0%,12
teen test seventeen,0,2,0%,13
facts kpop,0,2,0%,15
bts army quiz,0,2,0%,15.5
quiz exo,0,2,0%,15.5
kpop quizzez,0,2,0%,16.5
seventeen member quiz picture,0,2,0%,17.5
illit members test,0,2,0%,18
seventeen song quiz,0,2,0%,18
treasure kpop quiz,0,2,0%,18
guess the seventeen member,0,2,0%,18.5
seventeen bias quiz,0,2,0%,18.5
facts about kpop,0,2,0%,19
kpop knowledge quiz,0,2,0%,19
seventeen magazine quiz,0,2,0%,19.5
тест кто ты из кортис,0,2,0%,19.5
bts quizzes,0,2,0%,20
nct тест,0,2,0%,20.5
seventeen クイズ,0,2,0%,21
k pop trivia,0,2,0%,22.5
katseye quiz,0,2,0%,22.5
seventeen magazine quizzes,0,2,0%,22.5
quiz about bts,0,2,0%,23
what red velvet member are you,0,2,0%,24.5
k-pop test,0,2,0%,26
cortis ideal type quiz,0,2,0%,27
blackpink questions,0,2,0%,28
twice クイズ,0,2,0%,29.5
cortis personality test,0,2,0%,32
quizzes de kpop,0,2,0%,33
kpop fun facts,0,2,0%,36.5
k pop trivia questions,0,2,0%,37
wheein,0,2,0%,105
babymonsr,0,1,0%,1
bts trivia questions,0,1,0%,1
de twice,0,1,0%,1
do u know blackpink,0,1,0%,1
i dont see that menu,0,1,0%,1
twice logo 2026,0,1,0%,1
簡単にして欲しい,0,1,0%,1
２,0,1,0%,1
bts,0,1,0%,2
like generally,0,1,0%,2
should i continue?,0,1,0%,2
بیکە,0,1,0%,2
a,0,1,0%,3
bạn ấy,0,1,0%,3
cortis trivia questions,0,1,0%,3
quiz kpp,0,1,0%,3
this and that test stray kids,0,1,0%,3
1st gen 2nd gen 3rd gen,0,1,0%,4
help me,0,1,0%,4
how long are kpop generations,0,1,0%,4
ive,0,1,0%,4
kpop quiz game,0,1,0%,4
name all members,0,1,0%,4
run xxx,0,1,0%,4
this & that kpop,0,1,0%,4
which is more good,0,1,0%,4
why,0,1,0%,4
เอาอีกกก,0,1,0%,4
blackpink,0,1,0%,5
fun fact about kpop,0,1,0%,5
guess the babymonster member,0,1,0%,5
kpop qiuz,0,1,0%,5
kpop website games,0,1,0%,5
kpopq,0,1,0%,5
name all the members,0,1,0%,5
quizz stray kids,0,1,0%,5
tier list kpop groups,0,1,0%,5
to easy,0,1,0%,5
babymonster quiz who are you,0,1,0%,6
bts quiz for army,0,1,0%,6
cortis qui,0,1,0%,6
guess the k-pop idol,0,1,0%,6
lisa landmark billboard 200 peak,0,1,0%,6
stray kids quizes,0,1,0%,6
stray kids trivia quiz,0,1,0%,6
тест кортис,0,1,0%,6
cortis testi,0,1,0%,7
do you know babymonster,0,1,0%,7
exo fandom name exo-l,0,1,0%,7
guess the kpop idol by description,0,1,0%,7
kpop logo quiz,0,1,0%,7
kpop verse,0,1,0%,7
nothing online?,0,1,0%,7
quiz kpop enhypen,0,1,0%,7
quiz red velvet dress,0,1,0%,7
seventeen uquiz,0,1,0%,7
skz member quiz,0,1,0%,7
stray kids quix,0,1,0%,7
stray kıds test,0,1,0%,7
test ive,0,1,0%,7
test skz,0,1,0%,7
aespa newjeans,0,1,0%,8
ateez vs skz,0,1,0%,8
babymonster bias quiz,0,1,0%,8
fakta kpop,0,1,0%,8
ive q,0,1,0%,8
kpop sporcle 2026,0,1,0%,8
nmixx members quiz,0,1,0%,8
quizz straykids,0,1,0%,8
seventeen - teen test,0,1,0%,8
sporcle kpop 2026,0,1,0%,8
straykids trivia,0,1,0%,8
tws test,0,1,0%,8
what is gllit,0,1,0%,8
which gen is twice,0,1,0%,8
which gidle member are you,0,1,0%,8
are all stray kids members fluent in english,0,1,0%,9
babymonster member quiz,0,1,0%,9
best rookie kpop groups 2026,0,1,0%,9
blackpink member ranking,0,1,0%,9
bts test,0,1,0%,9
cortis check,0,1,0%,9
cortis game show,0,1,0%,9
do you know stray kids,0,1,0%,9
eyekon quiz,0,1,0%,9
guess the cortis song,0,1,0%,9
guess the kpop song 1 second,0,1,0%,9
guess the kpop song in 1 second,0,1,0%,9
how many members in newjeans,0,1,0%,9
is newjeans 5th gen or 4th gen,0,1,0%,9
k pop test,0,1,0%,9
k-pop generations,0,1,0%,9
kpop generations explained,0,1,0%,9
kpop quizs,0,1,0%,9
monstiez quiz,0,1,0%,9
name all the kpop groups,0,1,0%,9
newjeans member quiz,0,1,0%,9
nu,0,1,0%,9
quiz lee know,0,1,0%,9
skz member test,0,1,0%,9
stray kids fandom name,0,1,0%,9
stray kids qui,0,1,0%,9
tieto visa,0,1,0%,9
what gen is blackpink,0,1,0%,9
when did shinee debut,0,1,0%,9
who am i in aespa,0,1,0%,9
aespa クイズ,0,1,0%,10
all twice songs quiz,0,1,0%,10
am i an eyekon,0,1,0%,10
babymonster discography quiz,0,1,0%,10
babymonster game online,0,1,0%,10
bts knowledge quiz,0,1,0%,10
carat test,0,1,0%,10
cortis official quiz,0,1,0%,10
cortis personality quiz,0,1,0%,10
enhypen and ateez fan challenges,0,1,0%,10
exoplanet99,0,1,0%,10
how many generations are there in kpop,0,1,0%,10
i am a coer,0,1,0%,10
idol identifier,0,1,0%,10
is psy 1st gen kpop,0,1,0%,10
it’s not that,0,1,0%,10
kpop era meaning,0,1,0%,10
mascot cortis,0,1,0%,10
miroh era,0,1,0%,10
most popular k-pop groups 2026,0,1,0%,10
quiz bts 2026,0,1,0%,10
stray kids wuiz,0,1,0%,10
straykids questions,0,1,0%,10
test straykids,0,1,0%,10
this and that skz test,0,1,0%,10
what year is 3rd gen kpop,0,1,0%,10
when does kpop 5th gen end,0,1,0%,10
zep quiz cortis,0,1,0%,10
เอาสิ,0,1,0%,10
=)),0,1,0%,11
all kpop generations,0,1,0%,11
all kpop groups from a to z,0,1,0%,11
are u an eyekon,0,1,0%,11
era kpop,0,1,0%,11
fun facts about yunah illit,0,1,0%,11
guess the stray kids member,0,1,0%,11
i-dle fan name,0,1,0%,11
idols who can throwback,0,1,0%,11
kann ich ein kpop idol werden test,0,1,0%,11
kpop generations,0,1,0%,11
kpop idol test,0,1,0%,11
name all the kpop groups in the world,0,1,0%,11
name skz songs,0,1,0%,11
quiz do baby monster,0,1,0%,11
quiz do twice,0,1,0%,11
quiz katseye 100 perguntas,0,1,0%,11
stray kids members test,0,1,0%,11
what are i-dle fans called,0,1,0%,11
what is 5th gen kpop,0,1,0%,11
what kpop gen is red velvet,0,1,0%,11
what was the first 5th gen kpop group,0,1,0%,11
what year did ateez debut,0,1,0%,11
when is lee know's birthday,0,1,0%,11
which generation is bts in kpop,0,1,0%,11
whos the unnie of illit,0,1,0%,11
zenquiz cortis,0,1,0%,11
cortis 測驗,0,1,0%,12
fun facts about aespa,0,1,0%,12
new jeans bias quiz,0,1,0%,12
what kpop gen is shinee,0,1,0%,12
kpop related,0,1,0%,13
kpopers quiz,0,1,0%,13
seventeen quiz which member are you,0,1,0%,13
babymonster reddit or kpoppers or kpopthoughts,0,1,0%,14
your seventeen,0,1,0%,14
blackpink blink test,0,1,0%,15
kpop quız,0,1,0%,15
cortis reddit,0,1,0%,16
illit personality test,0,1,0%,16
quiz de kpop,0,1,0%,16
ateez trivia,0,1,0%,17
baekhyun reddit,0,1,0%,17
baemon quiz,0,1,0%,17
cortis member test,0,1,0%,17
test de illit,0,1,0%,17
квизико bts,0,1,0%,17
cortis question and answer,0,1,0%,18
kpop logic quiz,0,1,0%,18
quiz stray kids 18,0,1,0%,18
quizur seventeen,0,1,0%,18
seventeen 測驗,0,1,0%,18
which twice member are you quiz,0,1,0%,18
babymonster ahyeon return or comeback or hiatus or health,0,1,0%,19
kpop faq,0,1,0%,19
seungmin reddit,0,1,0%,19
cortis bias quiz,0,1,0%,20
quiz cortis quem eu seria,0,1,0%,20
kuis seventeen,0,1,0%,21
seventeen buzzfeed quiz,0,1,0%,21
which newjeans member am i,0,1,0%,21
cortis bias test,0,1,0%,22
kpop company quiz,0,1,0%,22
bts trivia quiz,0,1,0%,23
guess the twice member,0,1,0%,23
quiz cortis boyfriend,0,1,0%,23
which aespa member are you uquiz,0,1,0%,23
test de twice,0,1,0%,24
cortis members quiz,0,1,0%,25
blackpink question,0,1,0%,26
kpop games quiz,0,1,0%,26
quiz cortis type,0,1,0%,26
quiz kpop nct,0,1,0%,26
what is an eyekon,0,1,0%,26
アイリット検定,0,1,0%,27
cortis boyfriend quiz,0,1,0%,28
cortis member quiz,0,1,0%,28
cortis types quiz,0,1,0%,28
aepa test,0,1,0%,29
what cortis member are you quiz,0,1,0%,29
3rd gen kpop groups,0,1,0%,30
kpopmap quiz cortis,0,1,0%,30
buzzfeed seventeen quiz,0,1,0%,31
twiceクイズ,0,1,0%,31
kpop kviz,0,1,0%,33
seventeen 診断,0,1,0%,38
セブチ 診断,0,1,0%,38
enhypen reddit,0,1,0%,45
katseye reddit,0,1,0%,50
aespa reddit,0,1,0%,52
coer,0,1,0%,55
stray kids,0,1,0%,60
kpop trivia questions with answers,0,1,0%,63
mamamoo,0,1,0%,72
twice personality test,0,1,0%,80
moonbyul,0,1,0%,95