bucket,url
redirect,https://kpopquiz.org/group/seventeen
redirect,https://kpopquiz.org/blind-test
redirect,https://kpopquiz.org/group/twice
redirect,https://kpopquiz.org/group/bts
redirect,https://kpopquiz.org/group/blackpink
redirect,https://kpopquiz.org/games/this-or-that/4th-gen-groups
redirect,https://kpopquiz.org/group/aespa
redirect,https://kpopquiz.org/blind-test/recent-hits
redirect,https://kpopquiz.org/blind-test/group-bts
redirect,https://kpopquiz.org/blind-test/group-aespa
redirect,https://kpopquiz.org/games/this-or-that/girl-group-idols
robots,https://kpopquiz.org/api/og/group/seventeen
robots,https://kpopquiz.org/api/og/group/loossemble
robots,https://kpopquiz.org/api/og/group/txt
robots,https://kpopquiz.org/api/og/nmixx-members-quiz
robots,https://kpopquiz.org/login
discovered,https://kpopquiz.org/articles/kpop-facts-every-fan-should-know
discovered,https://kpopquiz.org/articles/newjeans-fan-guide
discovered,https://kpopquiz.org/articles/stray-kids-vs-ateez
discovered,https://kpopquiz.org/blindtest/bridge-or-break
discovered,https://kpopquiz.org/blindtest/group-2ne1
discovered,https://kpopquiz.org/blindtest/group-2pm
discovered,https://kpopquiz.org/blindtest/group-akmu
discovered,https://kpopquiz.org/blindtest/group-astro
discovered,https://kpopquiz.org/blindtest/group-babymonster
discovered,https://kpopquiz.org/blindtest/group-bibi
discovered,https://kpopquiz.org/blindtest/group-bigbang
discovered,https://kpopquiz.org/blindtest/group-billlie
discovered,https://kpopquiz.org/blindtest/group-boynextdoor
discovered,https://kpopquiz.org/blindtest/group-cortis
discovered,https://kpopquiz.org/blindtest/group-day6
discovered,https://kpopquiz.org/blindtest/group-fifty-fifty
discovered,https://kpopquiz.org/blindtest/group-fromis-9
discovered,https://kpopquiz.org/blindtest/group-g-i-dle
discovered,https://kpopquiz.org/blindtest/group-heize
discovered,https://kpopquiz.org/blindtest/group-hwasa
discovered,https://kpopquiz.org/blindtest/group-itzy
discovered,https://kpopquiz.org/blindtest/group-jay-park
discovered,https://kpopquiz.org/blindtest/group-jennie
discovered,https://kpopquiz.org/blindtest/group-jeon-somi
discovered,https://kpopquiz.org/blindtest/group-jimin
discovered,https://kpopquiz.org/blindtest/group-katseye
discovered,https://kpopquiz.org/blindtest/group-kep1er
discovered,https://kpopquiz.org/blindtest/group-kiss-of-life
discovered,https://kpopquiz.org/blindtest/group-le-sserafim
discovered,https://kpopquiz.org/blindtest/group-loona
discovered,https://kpopquiz.org/blindtest/group-mamamoo
discovered,https://kpopquiz.org/blindtest/group-monsta-x
discovered,https://kpopquiz.org/blindtest/group-nct-127
discovered,https://kpopquiz.org/blindtest/group-nct-dream
discovered,https://kpopquiz.org/blindtest/group-nmixx
discovered,https://kpopquiz.org/blindtest/group-p1harmony
discovered,https://kpopquiz.org/blindtest/group-pentagon
discovered,https://kpopquiz.org/blindtest/group-purple-kiss
discovered,https://kpopquiz.org/blindtest/group-red-velvet
discovered,https://kpopquiz.org/blindtest/group-riize
discovered,https://kpopquiz.org/blindtest/group-seventeen
discovered,https://kpopquiz.org/blindtest/group-shinee
discovered,https://kpopquiz.org/blindtest/group-stayc
discovered,https://kpopquiz.org/blindtest/group-stray-kids
discovered,https://kpopquiz.org/blindtest/group-taeyeon
discovered,https://kpopquiz.org/blindtest/group-treasure
discovered,https://kpopquiz.org/blindtest/group-triples
discovered,https://kpopquiz.org/blindtest/group-tws
discovered,https://kpopquiz.org/blindtest/group-txt
discovered,https://kpopquiz.org/blindtest/group-winner
discovered,https://kpopquiz.org/blindtest/group-xikers
discovered,https://kpopquiz.org/blindtest/group-zerobaseone
discovered,https://kpopquiz.org/blindtest/intro-challenge
discovered,https://kpopquiz.org/blindtest/speed-round
discovered,https://kpopquiz.org/blindtest/title-tracks
discovered,https://kpopquiz.org/blindtest/verse-only
discovered,https://kpopquiz.org/contact
discovered,https://kpopquiz.org/data/knowledge-report-2026
discovered,https://kpopquiz.org/data/pulse
discovered,https://kpopquiz.org/dmca
discovered,https://kpopquiz.org/dreamcatcher-quiz
discovered,https://kpopquiz.org/enhypen-quiz
discovered,https://kpopquiz.org/exo-quiz
discovered,https://kpopquiz.org/g-i-dle-quiz
discovered,https://kpopquiz.org/games/match-up
discovered,https://kpopquiz.org/games/match-up/fandom-to-group
discovered,https://kpopquiz.org/games/match-up/idol-to-group
discovered,https://kpopquiz.org/games/match-up/idol-to-group-3rd-gen
discovered,https://kpopquiz.org/games/match-up/idol-to-group-4th-gen
discovered,https://kpopquiz.org/games/match-up/idol-to-group-boy
discovered,https://kpopquiz.org/games/match-up/idol-to-group-girl
discovered,https://kpopquiz.org/games/match-up/song-title-halves
discovered,https://kpopquiz.org/games/match-up/song-to-group
discovered,https://kpopquiz.org/games/match-up/song-to-group-3rd-gen
discovered,https://kpopquiz.org/games/match-up/song-to-group-4th-gen
discovered,https://kpopquiz.org/games/match-up/song-to-group-boy
discovered,https://kpopquiz.org/games/match-up/song-to-group-girl
discovered,https://kpopquiz.org/games/match-up/song-to-group-newer-gen
discovered,https://kpopquiz.org/games/match-up/song-to-group-older-gen
discovered,https://kpopquiz.org/games/name-all/name-all-blackpink
discovered,https://kpopquiz.org/games/name-all/name-all-got7
discovered,https://kpopquiz.org/games/name-all/name-all-le-sserafim
discovered,https://kpopquiz.org/games/name-all/name-all-nct-127
discovered,https://kpopquiz.org/games/name-all/name-all-nct-dream
discovered,https://kpopquiz.org/games/name-all/name-all-shinee
discovered,https://kpopquiz.org/games/name-all/name-all-txt
discovered,https://kpopquiz.org/games/name-them-all
discovered,https://kpopquiz.org/games/name-them-all/name-all-4th-gen-groups
discovered,https://kpopquiz.org/games/name-them-all/name-all-kpop-groups
discovered,https://kpopquiz.org/games/sort-it
discovered,https://kpopquiz.org/games/sort-it/3rd-gen-or-4th-gen
discovered,https://kpopquiz.org/games/sort-it/boy-group-or-girl-group
discovered,https://kpopquiz.org/games/sort-it/older-gen-or-newer-gen
discovered,https://kpopquiz.org/general-kpop-trivia
discovered,https://kpopquiz.org/got7-quiz
discovered,https://kpopquiz.org/got7-trivia
discovered,https://kpopquiz.org/guess-the-kpop-idol
discovered,https://kpopquiz.org/itzy-quiz
discovered,https://kpopquiz.org/ive-quiz
discovered,https://kpopquiz.org/ive-trivia
discovered,https://kpopquiz.org/kpop-quiz-2026
discovered,https://kpopquiz.org/le-sserafim-quiz
discovered,https://kpopquiz.org/mamamoo-trivia
discovered,https://kpopquiz.org/monsta-x-quiz
discovered,https://kpopquiz.org/nct-trivia
discovered,https://kpopquiz.org/nmixx-quiz
discovered,https://kpopquiz.org/pt/about
discovered,https://kpopquiz.org/pt/easy-kpop-quizzes
discovered,https://kpopquiz.org/pt/faq
discovered,https://kpopquiz.org/pt/games
discovered,https://kpopquiz.org/pt/guess-the-kpop-idol
discovered,https://kpopquiz.org/pt/kpop-true-or-false
discovered,https://kpopquiz.org/pt/leaderboard
discovered,https://kpopquiz.org/pt/stats
discovered,https://kpopquiz.org/q/3rd-generation-k-pop-true-or-false
discovered,https://kpopquiz.org/q/4th-gen-boy-groups-quiz
discovered,https://kpopquiz.org/q/aespa-achievements-and-milestones-quiz
discovered,https://kpopquiz.org/q/aespa-b-sides-and-deep-cuts-quiz
discovered,https://kpopquiz.org/q/aespa-discography-challenge
discovered,https://kpopquiz.org/q/aespa-lore-and-kwangya-universe-trivia
discovered,https://kpopquiz.org/q/aespa-members-and-concepts
discovered,https://kpopquiz.org/q/aespa-members-facts-quiz
discovered,https://kpopquiz.org/q/aespa-my-world-era
discovered,https://kpopquiz.org/q/aespa-true-or-false
discovered,https://kpopquiz.org/q/aespa-true-or-false-think-you-know-my-girls
discovered,https://kpopquiz.org/q/are-u-a-real-gllit
discovered,https://kpopquiz.org/q/are-you-a-true-blink-blackpink-trivia
discovered,https://kpopquiz.org/q/artms-trivia
discovered,https://kpopquiz.org/q/astro-a-to-z
discovered,https://kpopquiz.org/q/ateez-discography-challenge
discovered,https://kpopquiz.org/q/ateez-fireworks-quiz
discovered,https://kpopquiz.org/q/ateez-guess-the-intruder-from-a-different-eramv-etc
discovered,https://kpopquiz.org/q/ateez-guess-the-music-video-from-the-screenshot
discovered,https://kpopquiz.org/q/ateez-guess-the-song-from-the-clues
discovered,https://kpopquiz.org/q/ateez-lyrics-quiz-part-2
discovered,https://kpopquiz.org/q/beginner-akmu-quizz
discovered,https://kpopquiz.org/q/best-kpop-group
discovered,https://kpopquiz.org/q/bigbang-legends-quiz
discovered,https://kpopquiz.org/q/blackpink-brand-deals-and-fashion-quiz
discovered,https://kpopquiz.org/q/blackpink-discography-deep-dive
discovered,https://kpopquiz.org/q/blackpink-guess-the-mv-from-the-screenshot
discovered,https://kpopquiz.org/q/blackpink-members-facts-do-you-really-know
discovered,https://kpopquiz.org/q/blackpink-members-quiz
discovered,https://kpopquiz.org/q/blackpink-the-album-quiz
discovered,https://kpopquiz.org/q/blackpink-title-tracks-challenge
discovered,https://kpopquiz.org/q/blackpink-true-or-false-1781311005
discovered,https://kpopquiz.org/q/blackpink-true-or-false-think-you-know-everything
discovered,https://kpopquiz.org/q/blackpink-world-records-and-achievements
discovered,https://kpopquiz.org/q/bts-achievements-and-records
discovered,https://kpopquiz.org/q/bts-debut-era-how-well-do-you-remember
discovered,https://kpopquiz.org/q/bts-discography-challenge
discovered,https://kpopquiz.org/q/bts-love-yourself-era-quiz
discovered,https://kpopquiz.org/q/bts-solo-careers-quiz
discovered,https://kpopquiz.org/q/bts-true-or-false
discovered,https://kpopquiz.org/q/bts-true-or-false-test-your-army-knowledge
discovered,https://kpopquiz.org/q/bts-wings-era-deep-dive
discovered,https://kpopquiz.org/q/can-you-name-these-male-kpop-idols
discovered,https://kpopquiz.org/q/can-you-recognize-these-idols-as-kids
discovered,https://kpopquiz.org/q/cortis-fun-quiz
discovered,https://kpopquiz.org/q/day6-quiz
discovered,https://kpopquiz.org/q/dreamcatcher-fan-quiz
discovered,https://kpopquiz.org/q/enhypen-debut-and-beyond-quiz
discovered,https://kpopquiz.org/q/enhypen-guess-the-mv-from-the-screenshot
discovered,https://kpopquiz.org/q/enhypen-members-deep-dive
discovered,https://kpopquiz.org/q/exo-legends-quiz-only-exo-ls-survive
discovered,https://kpopquiz.org/q/exo-members-and-positions
discovered,https://kpopquiz.org/q/exo-members-quiz
discovered,https://kpopquiz.org/q/exo-true-or-false-test-your-exo-l-knowledge
discovered,https://kpopquiz.org/q/find-the-3rd-gen-intruder-among-4th-gen
discovered,https://kpopquiz.org/q/find-the-intruder-song-with-a-different-title
discovered,https://kpopquiz.org/q/find-the-music-video-that-does-not-belong
discovered,https://kpopquiz.org/q/fx-quiz-sms-unique-girl-group
discovered,https://kpopquiz.org/q/gen-5-k-pop-can-you-name-the-group
discovered,https://kpopquiz.org/q/gerek-bir-cortis-fanisan
discovered,https://kpopquiz.org/q/gi-dle-self-produced-queens-quiz
discovered,https://kpopquiz.org/q/gi-dle-true-or-false-85
discovered,https://kpopquiz.org/q/girls-generation-the-legend-quiz
discovered,https://kpopquiz.org/q/guess-the-artms-member-from-their-zoomed-in-concept-picture
discovered,https://kpopquiz.org/q/guess-the-artms-song
discovered,https://kpopquiz.org/q/guess-the-babymonster-member
discovered,https://kpopquiz.org/q/guess-the-blackpink-song-from-clues
discovered,https://kpopquiz.org/q/guess-the-common-song-title-from-the-list-of-artists
discovered,https://kpopquiz.org/q/guess-the-common-song-title-from-the-list-of-artists-2
discovered,https://kpopquiz.org/q/guess-the-group-from-their-lightstick-boy-groups
discovered,https://kpopquiz.org/q/guess-the-group-from-their-lightstick-girl-groups
discovered,https://kpopquiz.org/q/guess-the-loossemble-song
discovered,https://kpopquiz.org/q/happy-loona-day-match-the-members-to-their-birthdays
discovered,https://kpopquiz.org/q/hardest-kickflip-quiz-in-the-world
discovered,https://kpopquiz.org/q/how-well-do-you-know-bts-members
discovered,https://kpopquiz.org/q/how-well-do-you-know-ive
discovered,https://kpopquiz.org/q/how-well-do-you-know-lisa
discovered,https://kpopquiz.org/q/how-well-do-you-know-skz-members
discovered,https://kpopquiz.org/q/how-well-do-you-know-txt
discovered,https://kpopquiz.org/q/hybe-groups-quiz
discovered,https://kpopquiz.org/q/idol-bands-quiz
discovered,https://kpopquiz.org/q/illit-quiz-2
discovered,https://kpopquiz.org/q/its-a-zoo-animals-in-k-pop
discovered,https://kpopquiz.org/q/itzy-dalla-dalla-quiz
discovered,https://kpopquiz.org/q/itzy-members-and-discography-quiz
discovered,https://kpopquiz.org/q/itzy-true-or-false
discovered,https://kpopquiz.org/q/iu-the-nations-little-sister
discovered,https://kpopquiz.org/q/ive-members-quiz
discovered,https://kpopquiz.org/q/k-pop-2nd-generation-legends
discovered,https://kpopquiz.org/q/k-pop-agencies-true-or-false
discovered,https://kpopquiz.org/q/k-pop-album-packaging-quiz
discovered,https://kpopquiz.org/q/k-pop-awards-and-records-true-or-false
discovered,https://kpopquiz.org/q/k-pop-birthplace-true-or-false
discovered,https://kpopquiz.org/q/k-pop-boy-group-generations-timeline
discovered,https://kpopquiz.org/q/k-pop-boy-groups-true-or-false
discovered,https://kpopquiz.org/q/k-pop-bt21-characters-quiz
discovered,https://kpopquiz.org/q/k-pop-choreography-quiz
discovered,https://kpopquiz.org/q/k-pop-collaboration-with-western-artists
discovered,https://kpopquiz.org/q/k-pop-concert-and-light-stick-culture
discovered,https://kpopquiz.org/q/k-pop-debuts-and-disbandments-true-or-false
discovered,https://kpopquiz.org/q/k-pop-english-songs-quiz
discovered,https://kpopquiz.org/q/k-pop-fan-moments-and-memes
discovered,https://kpopquiz.org/q/k-pop-fashion-and-brand-ambassadors
discovered,https://kpopquiz.org/q/k-pop-fashion-and-style-quiz
discovered,https://kpopquiz.org/q/k-pop-generation-history
discovered,https://kpopquiz.org/q/k-pop-goes-west
discovered,https://kpopquiz.org/q/k-pop-group-name-meanings
discovered,https://kpopquiz.org/q/k-pop-iconic-dances-name-that-move
discovered,https://kpopquiz.org/q/k-pop-idol-life-true-or-false
discovered,https://kpopquiz.org/q/k-pop-industry-business-quiz
discovered,https://kpopquiz.org/q/k-pop-international-collaborations
discovered,https://kpopquiz.org/q/k-pop-milestones-and-firsts-true-or-false
discovered,https://kpopquiz.org/q/k-pop-military-service-deep-dive
discovered,https://kpopquiz.org/q/k-pop-music-show-programs-quiz
discovered,https://kpopquiz.org/q/k-pop-music-shows-true-or-false
discovered,https://kpopquiz.org/q/k-pop-produce-series-quiz
discovered,https://kpopquiz.org/q/k-pop-surprising-and-weird-facts
discovered,https://kpopquiz.org/q/k-pop-survival-shows
discovered,https://kpopquiz.org/q/k-pop-training-system-and-idol-life
discovered,https://kpopquiz.org/q/k-pop-variety-shows
discovered,https://kpopquiz.org/q/k-pop-weverse-and-social-media-quiz
discovered,https://kpopquiz.org/q/kickflip-mega-quiz
discovered,https://kpopquiz.org/q/le-sserafim-members-and-music-quiz
discovered,https://kpopquiz.org/q/logo-quiz-how-many-groups-can-you-recognize
discovered,https://kpopquiz.org/q/loona-trivia
discovered,https://kpopquiz.org/q/loossemble-trivia
discovered,https://kpopquiz.org/q/loossemble-true-or-false
discovered,https://kpopquiz.org/q/mamamoo-members-and-facts
discovered,https://kpopquiz.org/q/mamamoo-true-or-false
discovered,https://kpopquiz.org/q/monsta-x-quiz
discovered,https://kpopquiz.org/q/monsta-x-ultimate-fan-quiz
discovered,https://kpopquiz.org/q/my-quiz-how-well-do-you-know-aespa
discovered,https://kpopquiz.org/q/name-the-group-from-its-members-boy-groups
discovered,https://kpopquiz.org/q/name-the-group-from-its-members-girl-groups
discovered,https://kpopquiz.org/q/nct-127-limitless-quiz
discovered,https://kpopquiz.org/q/nct-dream-quiz
discovered,https://kpopquiz.org/q/nct-system-explained-quiz
discovered,https://kpopquiz.org/q/newjeans-discography-deep-dive-quiz
discovered,https://kpopquiz.org/q/newjeans-members-fun-facts-quiz
discovered,https://kpopquiz.org/q/newjeans-members-quiz
discovered,https://kpopquiz.org/q/newjeans-omg-quiz
discovered,https://kpopquiz.org/q/newjeans-quiz
discovered,https://kpopquiz.org/q/once-check-how-well-do-you-know-twice
discovered,https://kpopquiz.org/q/once-test
discovered,https://kpopquiz.org/q/only-real-armys-can-pass-this-bts-debut-quiz
discovered,https://kpopquiz.org/q/only-real-bunnies-can-ace-this-newjeans-quiz
discovered,https://kpopquiz.org/q/only-real-bunnies-can-get-these-correct
discovered,https://kpopquiz.org/q/only-real-monstiez
discovered,https://kpopquiz.org/q/only-real-stays-can-ace-stray-kids-quiz
discovered,https://kpopquiz.org/q/quiz-for-baby-blinks-to-learn-about-blackpink
discovered,https://kpopquiz.org/q/real-coers-cortis-fans-can-take-this-quiz
discovered,https://kpopquiz.org/q/red-velvet-discography-quiz
discovered,https://kpopquiz.org/q/red-velvet-dual-concept-queens-quiz
discovered,https://kpopquiz.org/q/red-velvet-members-quiz
discovered,https://kpopquiz.org/q/seventeen-caratland-quiz
discovered,https://kpopquiz.org/q/seventeen-discography-and-milestones-quiz
discovered,https://kpopquiz.org/q/seventeen-fml-era-quiz
discovered,https://kpopquiz.org/q/seventeen-guess-the-mv-from-the-screenshot
discovered,https://kpopquiz.org/q/seventeen-members-nationalities
discovered,https://kpopquiz.org/q/seventeen-true-or-false-65
discovered,https://kpopquiz.org/q/seventeen-units-quiz
discovered,https://kpopquiz.org/q/shinee-legends-quiz-k-pop-pioneers
discovered,https://kpopquiz.org/q/shinee-ring-ding-dong-quiz
discovered,https://kpopquiz.org/q/shinee-the-sherlock-era
discovered,https://kpopquiz.org/q/skz-guess-the-mv-by-the-screenshot
discovered,https://kpopquiz.org/q/skz-producing-and-self-made-trivia
discovered,https://kpopquiz.org/q/skz-true-or-false-only-real-stays-pass
discovered,https://kpopquiz.org/q/stray-kids-know-each-member
discovered,https://kpopquiz.org/q/stray-kids-lee-know-quiz-part-2
discovered,https://kpopquiz.org/q/stray-kids-members-quiz
discovered,https://kpopquiz.org/q/stray-kids-song-sorter-what-album-is-it-from
discovered,https://kpopquiz.org/q/super-junior-legacy-quiz
discovered,https://kpopquiz.org/q/true-or-false-debut-songs
discovered,https://kpopquiz.org/q/true-or-false-stray-kids-quiz
discovered,https://kpopquiz.org/q/twice-formula-of-love-era
discovered,https://kpopquiz.org/q/twice-from-sixteen-to-stardom-quiz
discovered,https://kpopquiz.org/q/twice-japanese-discography
discovered,https://kpopquiz.org/q/twice-japanese-discography-and-tours-quiz
discovered,https://kpopquiz.org/q/twice-music-videos-quiz-visual-trivia
discovered,https://kpopquiz.org/q/twice-true-or-false-test-your-once-knowledge
discovered,https://kpopquiz.org/q/txt-cant-you-see-me-quiz
discovered,https://kpopquiz.org/q/txt-the-chaos-chapter-era
discovered,https://kpopquiz.org/q/txt-true-or-false-moa-edition
discovered,https://kpopquiz.org/q/which-group-is-this-member-from-boy-groups
discovered,https://kpopquiz.org/q/which-year-did-this-song-come-out
discovered,https://kpopquiz.org/q/who-said-it-loona-quotes-quiz
discovered,https://kpopquiz.org/q/xikers-basics-quiz
discovered,https://kpopquiz.org/quizzes/popular-this-month
discovered,https://kpopquiz.org/quizzes/popular-today
discovered,https://kpopquiz.org/rankings
discovered,https://kpopquiz.org/rankings/aespa/songs
discovered,https://kpopquiz.org/rankings/blackpink/members
discovered,https://kpopquiz.org/rankings/blackpink/songs
discovered,https://kpopquiz.org/rankings/bts/songs
discovered,https://kpopquiz.org/rankings/general/3rd-gen-idols
discovered,https://kpopquiz.org/rankings/general/4th-gen-bg-idols
discovered,https://kpopquiz.org/rankings/general/4th-gen-gg-idols
discovered,https://kpopquiz.org/rankings/general/4th-gen-groups
discovered,https://kpopquiz.org/rankings/general/4th-gen-songs
discovered,https://kpopquiz.org/rankings/general/bg-songs
discovered,https://kpopquiz.org/rankings/general/boy-group-idols
discovered,https://kpopquiz.org/rankings/general/boy-groups
discovered,https://kpopquiz.org/rankings/general/gg-songs
discovered,https://kpopquiz.org/rankings/general/girl-group-idols
discovered,https://kpopquiz.org/rankings/general/girl-groups
discovered,https://kpopquiz.org/rankings/general/iconic-kpop-songs
discovered,https://kpopquiz.org/rankings/general/legend-groups
discovered,https://kpopquiz.org/rankings/seventeen/members
discovered,https://kpopquiz.org/shinee-quiz
discovered,https://kpopquiz.org/stats
discovered,https://kpopquiz.org/stray-kids-trivia
discovered,https://kpopquiz.org/terms
discovered,https://kpopquiz.org/txt-quiz
discovered,https://kpopquiz.org/verse/promises
discovered,https://kpopquiz.org/which-aespa-member-are-you
discovered,https://kpopquiz.org/which-ateez-member-are-you
discovered,https://kpopquiz.org/which-blackpink-member-are-you
discovered,https://kpopquiz.org/which-bts-member-are-you
discovered,https://kpopquiz.org/which-enhypen-member-are-you
discovered,https://kpopquiz.org/which-g-i-dle-member-are-you
discovered,https://kpopquiz.org/which-itzy-member-are-you
discovered,https://kpopquiz.org/which-ive-member-are-you
discovered,https://kpopquiz.org/which-le-sserafim-member-are-you
discovered,https://kpopquiz.org/which-newjeans-member-are-you
discovered,https://kpopquiz.org/which-nmixx-member-are-you
discovered,https://kpopquiz.org/which-seventeen-member-are-you
discovered,https://kpopquiz.org/which-stray-kids-member-are-you
discovered,https://kpopquiz.org/which-twice-member-are-you
discovered,https://kpopquiz.org/which-txt-member-are-you
discovered,https://kpopquiz.org/xikers-quiz
canonical,https://kpopquiz.org/games/this-or-that?group=bts&type=members&daily=game
canonical,https://kpopquiz.org/games/this-or-that?group=general&type=girl-group-idols
canonical,https://kpopquiz.org/games/this-or-that?group=general&type=4th-gen-groups
canonical,https://kpopquiz.org/q/k-pop-group-colors-and-lightsticks?daily=quiz
"Exclue par la balise ""noindex",https://kpopquiz.org/battle?quiz=20169504-d4a5-44d1-afd2-7824778f183d
"Exclue par la balise ""noindex",https://kpopquiz.org/battle?quiz=63fe4db4-0b49-4770-b929-6298cf56eeb0
"Exclue par la balise ""noindex",https://kpopquiz.org/battle?quiz=5ac5a886-c7aa-45c9-8807-f7b0d849eb64
"Exclue par la balise ""noindex",https://kpopquiz.org/battle?quiz=0bd8f0a8-e931-4b44-864d-f6181a5975fd
"Exclue par la balise ""noindex",https://kpopquiz.org/battle?quiz=4026d481-0555-40d9-b9a1-4971c98684e5
"Exclue par la balise ""noindex",https://kpopquiz.org/u/illit
"Exclue par la balise ""noindex",https://kpopquiz.org/u/peanut
"Exclue par la balise ""noindex",https://kpopquiz.org/u/chnnie_gnarly
"Exclue par la balise ""noindex",https://kpopquiz.org/u/mila
"Exclue par la balise ""noindex",https://kpopquiz.org/u/blackberriki
"Exclue par la balise ""noindex",https://kpopquiz.org/create?group=day6
"Exclue par la balise ""noindex",https://kpopquiz.org/q/pick-out-the-odd-artms-picture
"Exclue par la balise ""noindex",https://kpopquiz.org/rankings/stray-kids/members
"Exclue par la balise ""noindex",https://kpopquiz.org/battle
"Exclue par la balise ""noindex",https://kpopquiz.org/news
"Exclue par la balise ""noindex",https://kpopquiz.org/battle?quiz=20bdc3d0-66db-4cfb-9393-8ffd85ebc11a
"Exclue par la balise ""noindex",https://kpopquiz.org/battle?quiz=032aa5fc-3b29-415c-b25a-e06f299d6964
"Exclue par la balise ""noindex",https://kpopquiz.org/battle?quiz=a69541e8-94f0-41b7-b154-819f86b82a02
crawled,https://kpopquiz.org/_next/static/chunks/0dlyjl_uymayv.js?dpl=dpl_B3JjgLCkJ2Z5fviJL7oBBduWGkoc
crawled,https://kpopquiz.org/_next/static/chunks/0z294ixj_q4i_.css?dpl=dpl_B3JjgLCkJ2Z5fviJL7oBBduWGkoc
crawled,https://kpopquiz.org/articles/kpop-eras-timeline
crawled,https://kpopquiz.org/kickflip-quiz
crawled,https://kpopquiz.org/blindtest/group-girls-generation
crawled,https://kpopquiz.org/q/are-u-a-real-bunnie
crawled,https://kpopquiz.org/games/name-them-all/name-all-kpop-groups?daily=game
crawled,https://kpopquiz.org/q/nct-127-limitless-quiz?daily=quiz
crawled,https://kpopquiz.org/battle?quiz=30d97824-ce02-4d3b-8e91-cecfd66c62f5
crawled,https://kpopquiz.org/_next/static/chunks/12q7f7mcl_yuy.js?dpl=dpl_EL8gajNsbkb1yApWQTbgAQCTGHGD
crawled,https://kpopquiz.org/_next/static/chunks/0fjva4ufdp~6-.js?dpl=dpl_EL8gajNsbkb1yApWQTbgAQCTGHGD
crawled,https://kpopquiz.org/_next/static/chunks/0irn-u5om-a_0.js?dpl=dpl_EL8gajNsbkb1yApWQTbgAQCTGHGD
crawled,https://kpopquiz.org/_next/static/chunks/045lhbnrz5_.n.js?dpl=dpl_EL8gajNsbkb1yApWQTbgAQCTGHGD
crawled,https://kpopquiz.org/_next/static/chunks/05v77p95-bi~e.css?dpl=dpl_EL8gajNsbkb1yApWQTbgAQCTGHGD
crawled,https://kpopquiz.org/_next/static/chunks/06g~xlr_45pkp.js?dpl=dpl_EL8gajNsbkb1yApWQTbgAQCTGHGD
crawled,https://kpopquiz.org/_next/static/chunks/0dlyjl_uymayv.js?dpl=dpl_EL8gajNsbkb1yApWQTbgAQCTGHGD
crawled,https://kpopquiz.org/_next/static/chunks/0omrfqu49lwn8.css?dpl=dpl_EL8gajNsbkb1yApWQTbgAQCTGHGD
crawled,https://kpopquiz.org/_next/static/chunks/0pe0uguf-6gvp.js?dpl=dpl_EL8gajNsbkb1yApWQTbgAQCTGHGD
crawled,https://kpopquiz.org/_next/static/chunks/0x-yvk83vig7t.js?dpl=dpl_EL8gajNsbkb1yApWQTbgAQCTGHGD
crawled,https://kpopquiz.org/_next/static/media/Pretendard_Regular_latin-s.p.0q4ycyfrv-5ay.woff2?dpl=dpl_EL8gajNsbkb1yApWQTbgAQCTGHGD
crawled,https://kpopquiz.org/articles/bts-discography-guide
crawled,https://kpopquiz.org/q/k-pop-awards-and-milestones
crawled,https://kpopquiz.org/q/mamamoo-the-curtain-call-era
crawled,https://kpopquiz.org/q/k-pop-training-system-quiz
crawled,https://kpopquiz.org/q/itzy-discography-deep-dive
crawled,https://kpopquiz.org/q/4th-gen-groups-true-or-false
crawled,https://kpopquiz.org/_next/static/media/Pretendard_Medium_latin-s.p.0c0w40r_8hp.z.woff2?dpl=dpl_BjLjf8rgDV2aw4FCSfy8oDQdiu4k
crawled,https://kpopquiz.org/_next/static/chunks/06g~xlr_45pkp.js?dpl=dpl_Cm7MvD5KNxCsFJQLfJH4wwuP7XPB
crawled,https://kpopquiz.org/_next/static/chunks/0v2~be.t8npl_.js?dpl=dpl_EDiJD6YNBXgWeDy3AXs7QXQfUnk3
crawled,https://kpopquiz.org/q/k-pop-inside-jokes-and-running-gags
crawled,https://kpopquiz.org/u/kpopfan_official
crawled,https://kpopquiz.org/q/bts-music-video-trivia-can-you-get-100
crawled,https://kpopquiz.org/q/blackpink-solo-careers-deep-dive
crawled,https://kpopquiz.org/q/bts-the-ultimate-quiz
crawled,https://kpopquiz.org/q/how-big-of-a-dive-are-you
crawled,https://kpopquiz.org/_next/static/chunks/0gkv_lzzs3jcl.js?dpl=dpl_CGUBHgutuaZxuKpKPnJCbuis1ihF
crawled,https://kpopquiz.org/blind-test/group-zico
crawled,https://kpopquiz.org/q/gi-dle-the-tomboy-era
crawled,https://kpopquiz.org/_next/static/chunks/0kks-~q8lsyv4.js?dpl=dpl_FqagVYfNe1sZFHUCsdkefxT2nY3T
crawled,https://kpopquiz.org/q/got7-never-ever-quiz
crawled,https://kpopquiz.org/most-liked
crawled,https://kpopquiz.org/q/stray-kids-discography-challenge
crawled,https://kpopquiz.org/q/k-pop-companies-quiz
crawled,https://kpopquiz.org/q/k-pop-fun-facts-true-or-false-volume-2
crawled,https://kpopquiz.org/blind-test/group-mamamoo
crawled,https://kpopquiz.org/2ne1-quiz
crawled,https://kpopquiz.org/blind-test/group-jennie
crawled,https://kpopquiz.org/day6-quiz
redirect-error,https://kpopquiz.org/blind-test/4th-gen-gg
redirect-error,https://kpopquiz.org/group/stray-kids
